name,gender,experience,salary
Karyl Ollerhad,F,3,159929
Keenan Cankett,M,6,260190
Cookie Lowndesbrough,F,7,208076
Simone Parlour,M,0,224652
Brnaby Ferrieres,M,9,72333
Xavier Bampton,M,10,184593
Shel Rouke,F,6,207601
Jesse Dunphy,F,6,56302
Gertruda Pizer,M,0,26144
Carmelia McCool,F,1,116920
Sheryl Softley,M,4,275188
Maryanne Broadbere,F,3,202498
Kienan Gunson,F,8,299203
Lyn Shillaker,F,4,240613
Val Cackett,F,0,82436
Zorine Geratasch,F,3,216784
Carmencita Dicty,M,4,289277
Moselle Liffey,F,6,250495
Robbie Baugh,M,0,122017
Yolane Mellish,F,5,281387
Tabb Barkley,M,4,70804
Ignacio Bowden,F,6,72296
Dionysus Dudden,M,3,128679
Reeba Tash,M,1,79744
Gnni Galero,F,2,65564
Clerc Vinick,F,8,111871
Tracey Hedgeley,F,0,188734
Birch Gulleford,M,10,222287
Lou Keysel,M,0,176494
Hulda Smaile,M,0,191987
Whit Oley,M,0,228002
Zoe Adamini,M,3,118249
Vincent Richfield,M,3,201752
Hannis Forkan,F,2,140590
Danella Barnsdall,F,1,86669
Jemmy Grennan,F,4,247971
Mallory Kivelhan,F,2,141245
Frieda Hemeret,F,8,263890
Kelbee Richardet,M,3,56792
Delmore Leisman,M,9,204336
Marlena Plover,F,7,88133
Ginnie Mansuer,F,7,230908
Bobbie Guerra,F,1,242460
Sherwood Murford,F,7,294782
Meta Rootes,F,7,255652
Abbey Lillyman,M,10,151565
Griselda Karet,F,0,132825
Ajay Bassick,F,4,41595
Osbert Springate,F,10,222743
Jocko Petrak,F,1,209530
Danice Sipson,F,4,43782
Carolina Forten,F,6,93127
Efren Neild,M,5,162680
Petey Cunio,M,2,297109
Blythe Torry,F,5,39074
Paulina Halle,M,3,74807
Jessie Saville,F,7,231904
Trixi Ambrosio,F,8,10429
Rudd Ingleston,F,10,220208
Richie Wilsone,F,1,267447
Desmond Parbrook,F,9,166254
Dickie Boothroyd,M,1,245578
Jo-anne Bussell,F,8,176171
Cesar Halls,F,2,172074
Tucky Rosoni,M,3,101791
Kevyn Mungane,M,4,33543
Virginia Bargery,M,2,177376
Padraic Riches,M,6,126976
Wandie Gallant,F,4,20592
Marcus Verzey,F,8,255126
Miguela Towns,F,7,209386
Abdel Kuhnke,M,8,14206
Sidonnie Gregson,F,1,224814
Koral Bonifacio,M,4,41818
Hadley Rennix,F,9,244015
Sim Gypson,M,0,221068
Johnny Guslon,F,10,62122
Iorgo Donati,M,5,229935
Dicky Whiteway,M,4,47352
Ado Laetham,F,1,22592
Lou Kellington,M,6,120820
Shaun Mizzi,M,7,60667
Adolpho Dowsett,F,5,127908
Adan Hoffner,M,2,223564
Barrett McMichael,M,5,219704
Gabey Skellen,F,1,131182
Winfred Bareford,F,1,187394
Siffre Restieaux,F,6,53610
Bella Suatt,F,9,194339
Freedman Shrive,F,9,48740
Natale Brakespear,F,1,18047
Rancell Eliasson,M,7,216200
Jule Cobbold,F,5,191276
Kendricks Bladesmith,M,8,169658
Gertie Tellenbrook,F,3,252161
Elysee Rawdales,M,7,43870
Nicholle MacKnight,M,8,250369
Jessy Clemensen,M,10,249093
Janeczka Rottger,F,9,22777
Astra Oloshin,M,10,260838
Willy Greenard,F,7,113764
Carlo Ramsby,F,6,11747
Audra Pinfold,M,7,66655
Elihu Dunton,M,0,290442
Lamar Giocannoni,M,4,108519
Eachelle Klaus,M,9,175321
Tabb Climance,F,2,263317
Marys Leehane,F,8,126038
Darsey Stibbs,M,1,192588
Onida Souten,F,6,146760
Myrlene Pickthall,F,0,55180
Lidia Lodwig,F,3,263739
Raine Greenstreet,F,8,230847
Adan Cooksey,M,4,62696
Angelika Triplett,F,8,192362
Klement McSwan,M,1,178474
Nydia Dunford,F,4,129693
Washington Woolard,F,3,260384
Lyon De Lascy,M,6,217927
Vicki Dilliway,M,1,208536
Trixie Gaspar,M,6,234369
Adelheid Gut,F,3,10912
Justinian Yankeev,M,10,275955
Jodi Rising,M,4,82968
Koo Tidcombe,F,5,74113
Sallee McLarnon,F,5,144616
Lorettalorna Edinburough,F,5,290262
Jenni Wethered,F,6,209612
Hermina Durston,M,10,148342
Nananne Axcell,M,10,179641
Sullivan Reichert,M,9,291856
Nevins Andraud,F,0,80863
Enos Saterthwait,F,4,16166
Brigitta Canto,M,10,281572
Jaime Streeter,M,9,59574
Irwinn Valentine,M,2,297050
Beckie Matz,M,6,150170
Mallissa Howis,F,6,104761
Darsey Mourant,F,2,283954
Sibel Cartwight,F,2,178059
Ynez Waleworke,F,4,128019
Dexter Daish,M,1,245770
Ingamar Ord,M,5,296755
Rosamund Tooth,M,6,180060
Netta Dalling,M,4,223029
Kerrill Mildenhall,F,2,298985
Lanni Novakovic,M,6,225399
Simon Binge,M,4,147835
Ailbert Sowthcote,F,4,60182
Regan Seedman,M,1,122334
Denice Arnault,M,3,91197
Feodora Froom,M,4,231092
Cheryl Lambell,M,0,209974
Nicolas Furzey,F,3,91902
Rory Robertsson,M,1,146381
Berti Noulton,F,9,155785
Val Cholonin,F,9,285613
Debbi Cowell,F,8,11860
Tedda Prozescky,F,4,218136
Larissa Caulton,M,0,269663
Brook Bourgaize,F,3,61428
Bessy Lorenzetti,M,5,274972
Gaby Matczak,M,4,212175
Cleopatra Boteman,M,7,34108
Marisa Marmion,F,6,13420
Harris Norvel,F,5,26244
Karlan Fencott,M,10,15079
Rahal Holsey,M,6,232948
Moritz Wadlow,F,0,229005
Bill Atte-Stone,M,3,114333
Abdel Fladgate,F,6,285500
Alley Frunks,M,3,86253
Hana Spicer,M,9,105616
Armando Batteson,M,1,269264
Fabiano Blanche,M,0,75194
Ginny Davydoch,M,9,45773
Doralia Rubinovici,F,7,196939
Robbie Boyington,F,0,164731
Heinrik Zealander,F,4,98998
Zane Pembridge,M,0,36556
Johnath Ozintsev,F,4,204176
Robinette Drummond,F,2,291021
Philbert Pauley,F,5,185681
Kameko Kibel,F,8,154657
Riccardo Pearman,F,8,186759
Mead Rylstone,M,7,59981
Phebe Barsham,F,3,197387
Lauryn Passy,M,9,252789
Mikkel Siveter,F,7,18840
Harri Chin,M,8,147079
Markus Trenaman,M,2,183304
Mandel Greason,M,1,209251
Isak Orts,M,3,149409
Mathilda Maynell,F,0,141121
Jaquelin Rosario,F,4,122057
Colan Loades,F,0,208677
Adeline Dominick,M,10,146768
Allis Takos,M,2,267458
Pedro Websdale,M,7,217957
Christel Eckh,M,1,39104
Veda Sollars,M,10,115286
Charmion Gales,F,3,67454
Shae Antowski,M,7,254233
Dorey Tassell,F,9,65564
Sianna Mackiewicz,F,4,161750
Marys Shortland,F,9,218048
Colman Reyne,F,2,278316
Elsie Clemmens,F,2,175028
Maren Tison,M,5,36885
Sunshine Oldcote,F,2,123194
Tim Schinetti,F,3,54616
Thorin Quiney,F,9,53661
Raina Glidder,F,3,153240
Rafi Gauld,M,2,299549
Rosalyn Geck,F,1,203160
Valma MacLise,F,1,51497
Gus Mangion,M,10,234964
Erek Muncer,M,10,282608
Ginnie Lichfield,F,5,109983
Ethan Matyatin,F,5,32941
Mozelle Cust,F,6,171033
Sibelle Larose,M,4,72610
Lucio Farlowe,F,9,71745
Hadley Genery,M,0,128441
Rikki Glasspoole,F,5,176553
Minerva Rentalll,F,0,279988
Silvano Hrus,F,9,291872
Yvonne Johanssen,M,0,277502
Siegfried Middis,F,4,244967
Caleb Bagster,M,5,253377
Sidonnie Coverdale,M,2,91110
Weston Wadwell,M,1,273724
Deanne Sandercock,M,0,54830
Gayelord Doodson,M,7,124533
Ryann Gritton,F,4,298020
Antony Clarke-Williams,M,1,290185
Aurelea Meriel,M,2,54450
Herby Kobierra,F,9,205612
Conrado Cutchey,F,6,60586
Emmye Pagett,F,2,77636
Emmerich Cordingley,M,8,68966
Alli Sunners,M,1,26137
Lenna Hannam,M,0,263686
Matthus Rottgers,M,4,204783
Emelyne Geertsen,M,4,95282
Mariellen Balazs,M,3,286097
Ally D'Onise,M,0,136541
Abbie Vines,F,10,189716
Genia Colafate,F,1,128712
Franklyn Leworthy,F,6,156159
Daryle Klimowicz,F,2,24922
Janet Bofield,F,2,45918
Reese Drivers,M,0,141930
Fabe Joe,M,8,224991
Demetrius Mulder,M,9,254127
Gale Simonetti,F,1,131734
Halli Aloway,M,1,247744
Shandy Giraldon,F,9,84463
Barnebas Brodeur,F,6,45598
Sunshine Capron,F,4,245142
Merrill Hamal,F,5,264968
Phillie Molyneaux,F,1,136257
Carmelle Just,M,4,17531
Payton Bradman,M,4,21564
Alberta Drewry,M,5,88936
Olag Denes,M,3,139616
Elsie Mintoff,F,7,86855
Cross Grimsell,M,7,164821
Crichton Meadmore,F,0,21346
Zoe Mival,M,2,242620
Angie Kinnoch,M,9,76924
Harman McKew,M,4,25035
Palmer Fores,F,1,135843
Paulette Cartwright,M,6,149683
Ludvig Naptin,M,9,141978
Taryn Breffit,F,7,263667
Karole Darton,M,5,146479
Wallis Jadczak,M,0,141525
Thalia Oslar,F,9,98018
Gleda Van Niekerk,M,5,66079
Carey Milne,F,6,253637
Jacquelynn Lafoy,F,0,243176
Linnie Rentelll,M,3,45484
Roxi Dunton,F,9,109654
Lauren Beggan,F,10,204262
Sophronia Mitchall,F,4,211966
Aguistin Phorsby,F,0,222024
Baxie Immins,F,6,141056
Gallagher Langeley,F,8,82204
Dilly Verne,F,8,221567
Bernie De Ambrosi,F,10,290900
Millard Presslie,F,4,27314
Tony Prendeville,M,7,256908
Amabelle Kinningley,F,7,17013
Ingram Waything,M,9,298114
Tadeas Bownd,M,5,280861
Sumner Innett,M,9,74193
Nevins Karpe,F,2,151172
Donnie Healey,F,10,30330
Alleyn Hopfer,F,10,102680
Merle Cadlock,F,4,209039
Jaquelin Pottes,F,2,269627
Anstice Petrovsky,F,4,273264
Marya Rymer,M,2,269544
Vivia Blumson,F,6,296073
Maris Ruppele,M,8,10135
Yehudi Hanhart,F,1,175226
Ardis Godby,F,7,42717
Nert Treacher,M,8,258060
Stacia Pentony,M,10,171937
Lock Furlow,M,8,169674
Alastair Loblie,M,3,290912
Dyane Harlow,M,6,241127
Mirabella Chance,F,10,24623
Guenevere Esslemont,F,8,184396
Frederigo Douty,M,3,45851
Tam Curston,M,5,266374
Jonie Dunphy,F,5,293799
Den Chipchase,F,0,19728
Amye Pogosian,F,6,77489
Domenic Herity,M,9,211995
Mikael Pifford,M,3,236828
Hinze Jepps,M,1,258338
Meridel Moyers,F,8,267297
Faythe Hurles,F,3,139202
Ludvig Gutch,M,9,119382
Claiborne Greenrde,F,9,203618
Gonzalo Shirt,F,1,120156
Jonathon Balsdon,F,8,168664
Micaela Alfonso,M,4,154763
Trumann Canland,M,5,228349
Pauline Richardes,M,2,233876
Phineas Bullant,M,5,240873
Padriac Stanistreet,F,4,180376
Sonja Bamsey,M,4,284632
Nickolai Loughman,M,6,114659
Irving Rewbottom,M,3,178746
Wylie Umney,F,8,241481
Cassandre Lewington,F,4,173208
Madlin Sayburn,F,7,294068
Tera Proudman,F,0,85476
Alberta Piel,M,7,184966
Piotr Fife,M,7,148243
Korry Currall,M,2,122937
Ambrose Rothschild,F,4,232611
Bobine Dureden,M,10,196796
Caroline Studart,F,4,109948
Kelly Scoates,M,8,105339
Zebulen Bondley,F,10,97377
Adler Dudman,M,8,154484
Jeffie Feldmus,M,3,242913
Shepherd Brill,M,9,274366
Faber Glasby,M,6,138946
Reinaldos Caley,M,9,227746
Tobin Augustin,M,8,223965
Bernardo Elnough,F,7,167549
Gianna Spering,F,2,90031
Heidi Pattini,M,4,176186
Jeffy Forker,F,2,281783
Lea Stainburn,F,9,269424
Tim Waleworke,M,10,76098
Jamesy Brannan,M,8,271742
Jase Yurkevich,F,4,163729
Yurik Bastow,F,9,33547
Penelope Randleson,M,7,81902
Lolita Redihough,F,8,227574
Ian Keaton,M,7,163326
Daren Warner,F,1,141330
Corabella Purchall,M,4,184167
Jacquette Bickley,M,5,191020
Kalli Bonnell,F,1,216103
Theda Woolger,F,5,50833
Iolanthe Cardwell,M,8,146760
Linea Triggel,F,5,290105
Meade Downey,M,7,137015
Megan Dartan,F,3,90752
Paulina Kilgour,M,5,70307
Tersina Walkinshaw,M,9,108180
Diarmid MacAnespie,F,2,113309
Chandra Ingleston,F,10,50284
Noland Riach,F,10,269456
Buckie Kynder,M,2,58127
Burch Haysey,F,5,155120
Pammie Paoloni,M,10,62071
Rosanne Saurin,F,5,18196
Trudie Batstone,F,0,67958
Pearl Pexton,F,0,269775
Gaylord Bisgrove,F,4,152943
Perren Pardal,M,4,226226
Lucilia Gair,M,2,265383
Alvira Reith,M,3,104390
Dana Baguley,F,2,108534
Harlan Dawks,M,5,131869
Miner Sadler,F,8,117814
Cornela Bravery,M,8,168040
Chastity Duchateau,F,3,250938
Vick Burling,M,9,283521
Bob Walshaw,M,0,191250
Ermina Tomley,M,4,230819
Boothe Reinbeck,M,10,132575
Simmonds Owlner,M,4,280046
Ali Beany,F,9,103629
Lorin Banke,M,4,276103
Marti Jimes,M,5,160878
Irwin Friese,F,10,230265
Lorita Lyttle,M,0,123919
Hamilton Juara,F,4,291067
Emanuel Slatford,M,3,288820
Fredric Melvin,F,7,70367
Yves Howsam,F,6,199326
Cordelia Coughlin,F,9,211358
Christoper Bortolomei,M,10,260875
Chaddie Colnett,M,4,71708
Cobbie Held,F,10,36912
Spenser Rexworthy,F,4,101944
Eduardo Bowles,F,1,113321
Astrid Oppie,F,2,234147
Kacy Endrici,M,0,237473
Cornelia Gozzard,F,1,93774
Iolanthe Ganderton,F,10,79993
Lindsay Tincknell,M,2,180970
Alison Nealand,F,4,144828
Edythe Shackle,M,3,294226
Giacomo Ezzle,F,0,297056
Ingra Saddington,M,8,122904
Meredith Feeley,F,5,57939
Curt Madgewick,F,6,290761
Angus Burchett,F,0,79338
Dante Reynolds,M,5,220787
Olga Kendle,F,7,88519
Hanni Oleszcuk,F,9,84650
Alain Reightley,M,4,115772
Perceval Snadden,F,4,96297
Ginger Riteley,F,8,215097
Jaymee Tobias,M,6,147484
Dame Junkin,F,2,168218
Adaline Master,F,9,75070
Leighton Balazin,M,3,66270
Samson Pinch,F,3,219383
Verine Milvarnie,M,5,95064
Janis Rollin,F,6,166394
Gusty Lautie,F,8,128695
Jenn Crush,M,2,143042
Tedra Neward,M,0,113390
Millisent Branford,M,5,273872
Dosi Perot,F,4,128727
Jackie Andreu,F,6,82480
Tarra Cawood,F,3,166025
Maire Suffe,M,2,47323
Jarrod Hamblington,F,7,288438
Saree Spinks,M,10,117507
Terrijo Rupke,M,3,268129
Eustacia Vogel,M,2,87582
Hana Paudin,M,4,242533
Delphinia Sheekey,F,9,79690
Kendrick Tapley,M,4,103303
Rutledge Kalinovich,F,4,25477
Bennett Romaynes,M,3,176453
Rozalin Kienlein,F,7,13454
Giselle Atcherley,F,2,102684
Aurel Pickerill,F,6,260089
Dolorita Veivers,F,8,202976
Bogey Cromack,F,0,116086
Alysia Pleavin,M,0,41381
Rickert Blanning,M,2,106401
Perry Tailby,F,7,244793
Milty Stump,F,1,99580
Sibyl Squibbes,M,1,141298
Lilas Tempest,M,2,269496
Helena Towl,F,1,18374
Keefer Frake,F,6,15874
Janey Wagnerin,M,1,185794
Rustin Tohill,M,6,254847
Estelle Rowberry,M,1,46927
Zach Phettiplace,F,9,129131
Joanne Dundridge,F,9,298702
Estel Diego,F,0,254826
Oona Cardoo,M,4,147241
Boote Hofer,F,10,144832
Cyndia Burlay,M,7,149053
Lewie Le Merchant,M,10,45384
Melania Broun,F,9,154533
Raul Fetter,F,0,261628
Gunner Chevalier,M,9,256566
Pat Kightly,F,2,201063
Heall Keating,M,6,102918
Junie Bettridge,F,4,296195
Staci Hess,F,4,130355
Marina Pitceathly,F,6,168127
Cosette Fairney,F,4,219738
Henderson Wharlton,M,1,24954
Sim Barg,F,7,241506
Brynn Roskruge,F,4,271271
Karoly Davioud,F,10,159440
Cesya Jouandet,F,0,254244
Dalt Deackes,M,1,217010
Herman Kirkham,F,10,292076
Marcile Soigne,F,1,155349
Katherine Le Blanc,M,6,85284
Warde Bohlin,M,1,295977
De witt Swiffin,M,5,231035
Benji Rosedale,M,6,249448
Andriana Scopes,F,7,107530
Reg Mapledoore,M,7,19455
Wilmar Blundon,M,9,120732
Marcellina Bayles,M,10,289683
Frieda Bosence,M,1,164446
Staford Garrod,M,10,137810
Candi Jochen,F,5,174053
Gianna Laffling,F,10,279677
Wanda Soeiro,M,2,216763
Perkin Cuddehy,F,8,196576
Corissa Whimpenny,M,4,296944
Armando McPhelim,F,2,115856
Ram Jonczyk,F,7,182147
Zorina Willman,F,1,210742
Ara Budleigh,M,6,259173
Zachery Lumm,F,1,65382
Killie Barnson,M,9,137340
Ki McAdam,M,9,274471
Wendie Oertzen,F,2,288738
Carin Astill,F,5,260795
Cyrille Lowfill,M,1,249901
Natalina Farrans,M,9,68959
Chandra Gritskov,F,3,52929
Cash Harring,M,1,30253
Gael Pegram,M,5,188443
Elly Cubitt,F,0,271687
Lemmy Welham,F,8,173706
Loren Hinzer,M,3,59429
Eartha Caurah,F,6,227516
Walton Wrotchford,M,2,288600
Olivette O'Keevan,F,3,98345
Isidro Imos,M,6,135373
Ellette Hastilow,M,1,185919
Bjorn Yarnall,F,0,224955
Belva Godart,F,8,83836
Carrie Palin,M,8,245837
Reid Lethbury,F,7,189629
Shelbi Ferrey,F,9,224636
Eveleen Bracknell,M,6,128100
Lonnie Braybrook,M,6,71233
Niels Bennallck,F,6,15259
Otes Ashenhurst,M,8,64208
Ulysses McIlreavy,F,0,134136
Yalonda Dongles,M,7,27187
Brandais Cowley,F,5,222905
Norris Poulston,M,0,247841
Roshelle Clemitt,M,2,139401
Trisha Alleyne,M,2,100226
Madeline Fontell,F,3,79789
Hillard Lauder,F,4,222588
Cob Stud,M,2,200915
Gustav Randle,F,2,193784
Alice Meechan,M,10,101029
Danie Bygraves,M,2,60303
Hebert Bomfield,M,4,123179
Garrard Bettley,F,8,173484
Margarette FitzGilbert,F,5,134911
Nico Danielkiewicz,F,1,239319
Eryn Leuchars,M,2,51782
Gage Weyman,F,9,23920
Dud Copp,F,3,61020
Sophia Artiss,M,0,224752
Brande Whiskin,F,0,67599
Samantha Dalyell,M,6,52397
Tadd Smalcombe,M,2,221103
Dorelia Ludee,M,3,172929
Gertrudis Diperaus,M,6,259703
Lelah Crunkhurn,M,8,119959
Gustaf Clawsley,F,2,257480
Elnora Larrat,F,4,116790
Wolfy Harrington,F,3,197177
Gerri Pruvost,M,9,142886
Lenora Renner,M,5,209618
Selby Spat,M,9,113872
Kenneth Chisholme,F,8,265664
Christi Paolone,F,3,89821
Heddi Nabbs,F,7,281346
Jeremie Laverock,M,3,16733
Estele Trigwell,F,4,260721
Barret Ladewig,F,4,207800
Hogan Sugar,F,7,225945
Sutherlan Mintrim,M,3,144799
Othella Pickerell,F,2,30507
Ilyse Adrain,M,7,52936
Jenna Georgeson,F,9,13993
Cal Kinnoch,F,4,78852
Asa Nutty,F,8,69973
Chrysler Fateley,F,9,56277
Goldi Rainbird,F,7,38967
Murray Wysome,F,8,229511
Gerri De Vaar,M,6,173186
Kirby Rontsch,F,7,107935
Rey Tuminelli,F,10,112777
Mallory Barreau,M,0,13873
Aurilia Touret,F,8,111805
Jacob Whitelaw,M,10,89026
Gwendolyn Astles,F,10,50119
Haley Ternent,M,3,101173
Benyamin Bartak,F,1,265343
Davida Greendale,F,3,149458
Ardyth Cruse,M,2,279931
Rhianna Bemwell,M,10,102329
Louisa Scoggan,M,1,63818
Archie Lydford,M,7,258211
Leshia Thomann,M,5,146031
Hurleigh O'Hartagan,F,7,275642
Carmita Baudts,F,9,123742
Emalia McDuffie,F,8,271659
Lloyd Saller,M,5,252863
Tammi Marven,F,3,58466
Danette Stoggles,M,9,237135
Melantha Maltby,F,0,115502
Robby Roderigo,F,0,34757
Coral McAllan,M,9,208733
Gar Gothliff,M,0,155650
Dukey Wenderoth,F,0,56507
Jessee Goudman,F,8,211948
Sunny Assiter,M,0,206735
Miran Wardingley,F,10,34926
Monroe Edgehill,M,5,161906
Wilona Vidler,F,8,212633
Gustave Clinton,M,3,254651
Pren Hullett,M,10,20515
Tessi Freak,M,9,170433
Reinhold Dennistoun,M,1,172532
Rutger Tregaskis,F,1,255356
Wendeline Gingles,M,9,238096
Arie Farncombe,M,1,142700
Ellynn Joney,F,2,79112
Sandro Klimentov,M,7,29292
Isidro Milverton,M,3,136863
Hymie Duchesne,F,10,28444
Carie Buggs,M,3,185551
Lizzy Pocke,M,5,264627
Hadlee Gransden,F,0,167614
Kiersten Emanuelli,M,0,207816
Patton Ayree,F,4,82538
Albert Rathjen,M,0,171733
Pearce Gammell,F,3,35050
Audy Gason,M,9,211923
Ethelyn Bowman,F,5,216001
Delia Nickolls,F,2,206155
Rora Wickersham,F,4,210827
Ursuline Doles,M,6,160130
Edythe Chaney,M,3,239237
Shermie Hariot,F,5,74595
Weber Gaze,M,1,175723
Johnathan Cawdell,M,8,267342
Osmund Thurston,M,6,100289
Adrian Harsnipe,M,8,211494
Charmion Lidgett,M,2,16972
Moishe Moodey,M,6,224367
Alli Dutt,M,4,282847
Dagny Simper,F,1,86299
Abra Phythean,M,0,79408
Flore Gosneye,M,0,166024
Vasily Highway,M,0,158333
Janaya Gavey,M,9,112800
Forster Painten,M,8,214417
Miran Josefson,F,3,23868
Clarinda Diffley,M,4,91245
Jock Tomkies,F,3,122993
Paquito Arguile,M,2,250328
Jessalyn Hinckley,M,1,77660
Theodor Canwell,F,3,163696
Virgie Jannequin,F,6,106105
Patrizia Chittey,F,2,241825
Magdalen Streeten,F,9,160035
Wolfie Divall,M,10,212655
Cindi Valintine,M,6,271657
Benedetto Kurth,F,8,176784
Randal Hunt,F,6,10454
Danielle Jaksic,M,8,125295
Erin Jocic,M,4,129189
Mahmud Revance,F,8,171724
Ulysses Josef,F,8,135731
Mario Haithwaite,F,4,181912
Chad Tivenan,F,4,258690
Buddie Pethick,M,10,116077
Josy Osman,F,5,72101
Alva Voaden,M,4,130322
Stephanie Conaghy,F,0,150750
Beverlie Canaan,F,5,264169
Laraine Duer,M,7,93710
Sheridan Pryor,F,0,245890
Goldina Eliff,M,10,178848
Roley Thraves,M,5,190025
Alec Eytel,M,5,126315
Ferdie Tatersale,M,0,47883
Corinne Townsend,F,4,56842
Felice Yesinov,M,8,243295
Arv Fery,M,2,204893
Brod Smithend,M,8,204519
Angelle Streets,F,6,143111
Garrik Geri,F,1,186901
Lion Still,F,6,49023
Marne Bridgens,M,5,11899
Belva Ashplant,F,4,145851
Reube Robelin,F,2,190932
Nichol MacGilfoyle,F,3,76061
Kathryn Hablet,F,1,245689
Juditha MacAnellye,F,10,265523
Gaby Baldocci,F,5,157098
Hetty Kilbourne,F,8,285111
Kevon Wiseman,F,7,240065
Christin Bowring,M,2,292842
Marijo Finnemore,F,8,261518
Kris Winckle,F,6,79673
Venus Maginn,M,0,270475
Kathe Shalcras,F,4,122896
Iosep Bryce,F,0,107420
Gaspard Fallanche,F,4,63316
Colet Mars,M,10,113300
Mannie Shermar,F,5,228078
Sigmund Londesborough,F,4,162040
Codi McKea,M,2,71958
Clerkclaude Clail,M,5,81204
Janette Gilman,M,6,292060
Darla O'Carran,F,3,205879
Ingram Threlfall,M,2,20042
Nina Boullin,M,6,68990
Karl Favel,M,2,141545
Mitchael Nesey,M,8,63243
Leif Viveash,F,8,282804
Lynsey Halpine,F,0,18140
Kordula Piell,M,4,113147
Terrijo Dowson,F,10,168281
Kinny Pontain,M,2,136388
Daria Ord,M,8,85702
Myles Riddoch,F,0,46692
Nate Cannan,F,5,185781
Kelcy Wormald,M,9,120751
Stevana Boland,F,0,227729
Wallache Mowsley,F,2,227018
Muire Biaggioli,M,7,19261
Ester Matejka,F,4,223488
Pete Briiginshaw,F,9,100375
Alessandro Byrcher,M,4,56142
Maxim Cormack,F,9,34106
Penrod Palleske,F,0,29506
Poppy Stainton - Skinn,F,3,176152
Cindra Lovel,F,7,174978
Bail Juza,F,3,158560
Renie Brozsset,M,1,100164
Dorolice Ismead,M,5,178165
Dedie Dowse,M,8,15450
Carola Hayzer,F,9,166955
Nappie Craigmile,F,4,39196
Tull Mewha,F,2,289855
Lucita Cottis,M,4,236964
Nanni Jaggs,F,2,123052
Wynn Conti,F,2,150796
Katti Gasgarth,M,10,182921
Cathryn Pearce,F,5,62425
Emmanuel Enstone,F,8,22513
Aland Harm,M,6,278267
Thurston Matthewes,F,6,258956
Lamar Oki,M,10,244926
Maridel Gillott,M,0,281154
Katleen Gillanders,F,0,290259
Karine Gricks,F,0,279662
Vivian Starie,F,5,60653
Moore McGahy,F,0,212963
Roby Lefridge,F,7,45522
Jess Sully,F,7,164719
Deane Nutkins,F,5,164240
Dorry Double,M,0,247035
Willy Erangy,M,9,257697
Shea Boynes,F,5,256907
Jaymie Cavanaugh,M,5,194889
Talbert Pfeffle,F,8,120461
Caria Fontell,F,7,206534
Bran Lawlance,F,9,144436
Cosetta Chamney,F,9,261443
Natalya Baguley,M,5,214096
Karee Fibbens,M,2,100191
Alexine Duignan,F,4,87286
Trip Diprose,F,5,93039
Don Cunio,F,5,198343
Olenka Savatier,F,7,93983
Elora Cluelow,M,10,21898
Wells McKimm,F,10,39425
Blinnie Corbert,F,9,52977
Angelina Mixture,M,6,290251
Hinze Piquard,M,6,268310
Smitty Layzell,M,9,62523
Kipp Lynnitt,M,1,265652
Malva Corsar,F,6,289448
Celle Padginton,M,0,128371
Nev Stennett,M,0,245094
Blaire Cassels,M,5,16576
Maison O'Fallowne,M,10,124845
Eudora Bickerstaff,F,3,108196
Norby Yersin,F,7,20786
York Goshawke,M,4,155765
Phillipe Ciani,M,9,261487
Bevan Constance,F,9,73619
Kayley Darker,M,4,225835
Marcellina Rubinov,M,8,218405
Pris Filippazzo,M,0,224908
Anna Taile,F,10,126929
Alvin Malenoir,M,0,202942
Joellen Gersam,F,4,51520
Raina Childs,F,2,32039
Kyla Grouse,F,5,205837
Jacinda Audry,F,2,280981
Moise Hamly,F,5,125803
Emera Verrell,M,6,269604
Silvana Allmark,M,9,119060
Courtenay Nussii,M,4,47765
Tamarra Roylance,M,1,239775
Mattie Lawther,F,4,262091
Edan Farrell,F,0,150195
Bobbe Dinsey,F,5,185500
Corey Perrelli,M,2,58877
Drusie Gammidge,F,1,246296
Butch Foxley,F,5,41715
Nealon Curtiss,F,0,253782
Damiano Flarity,M,10,169273
Pier Bryns,F,8,246355
Bank Yearsley,M,8,269912
Fitzgerald Carty,M,8,80890
Aubree Steutly,M,8,158839
Paule Imm,M,3,106640
Lester Milan,M,3,174966
Celle Fandrich,M,2,89191
Harlie Merfin,M,1,81867
Page Escott,F,5,82944
Karlik McIsaac,F,4,15963
Calypso McCritchie,M,9,118437
Erminie Sprowell,F,6,266801
Saundra Ormond,F,3,251191
Anders Albrecht,F,0,180190
Stanislas Jarritt,M,7,221135
Obadias Liversidge,F,4,256085
Clemente Caruth,M,10,217731
Jacquie Birkbeck,M,1,182452
Emmalyn Hawksley,F,5,275922
Shel Prangnell,F,7,128537
Nichols Phillip,M,7,92039
Ari Wyke,M,6,133654
Quentin Tinkler,M,1,270390
Irwin McCambrois,F,3,254100
Galen Miller,M,2,149873
Brita Dalrymple,F,4,21763
Corrine Edgeley,F,3,106863
Millicent Kimberley,M,10,231489
Cad Tunnadine,F,7,103238
Jammal Dallow,F,9,79482
Charisse Stokes,M,0,92623
Maridel Rodd,F,10,18764
Killie Housden,M,1,197781
Denver Pocke,F,2,167383
Nona Favela,M,9,36297
Nanine Dahlman,F,10,94446
Rhodia Gregoretti,F,4,221615
Theodora McNutt,F,7,153673
Farlay Tolerton,M,7,275341
Kristian Hitzmann,F,0,172284
Pauline Vazquez,F,7,144745
Karlen Hanselmann,M,0,84755
Tedman Gotobed,F,2,30664
Cris Yurkin,M,0,185772
Horst Matus,F,2,126190
Aigneis Golledge,F,10,108210
Giacopo Brisley,M,10,107746
Neal Erat,M,0,81237
Chrissie Schober,F,7,221304
Ed Dewing,F,5,79892
Salvatore O'Corhane,M,8,47216
Athene Demoge,F,7,268635
Al Walas,F,4,255485
Sebastiano Abriani,M,3,31987
Cletis Rosina,M,10,151836
Sax Roach,F,0,185317
Randolph Ehlerding,M,4,52816
Sandra Birkbeck,F,0,148358
Antonie Jennery,M,7,201897
Michal Blamires,M,7,106503
Jennee Downey,F,7,43407
Vince Waddam,M,7,194112
Yale Langstone,F,9,67548
Kiele Zanotti,M,6,230739
Corney Deverose,F,1,41526
Vevay Ronaghan,F,10,246972
Heda Bunce,F,9,120205
Bax Filipchikov,M,6,50387
Faustina Elmes,M,9,255186
Kelwin Stannett,M,8,170960
Kahlil Bullough,M,5,280632
Vasilis Gilffillan,M,0,91399
Ulric Hembry,M,0,148191
Gilligan Wallentin,M,10,96180
Wendi Ivain,F,7,80115
Conrad Crellin,F,7,289390
Deane Birrel,M,7,85223
Huberto Betton,F,7,174597
Mureil Doelle,F,6,263954
Geoff Sibbering,M,8,247591
Riley Bovaird,F,2,15414
Alika Sandbach,F,3,115493
Carlen Sarney,M,3,297515
Clark Janousek,M,10,211447
Thebault Wartonby,M,10,79532
Ashleigh Miklem,M,8,268224
Gideon Rawlin,F,7,19876
Brocky Vowles,M,2,143157
Hedy Starkings,F,4,80907
Betty Reville,M,7,173542
Sisely Reihill,F,6,198644
Janeen Kemme,F,7,288344
Hagen Munkley,F,7,47099
Alexander Durrell,F,5,123348
Mar Beumant,F,0,105063
Trixie Suter,M,2,256450
Elijah Heselwood,M,9,42639
Morton Thirlwell,F,7,136536
Lorinda Ipplett,F,0,243456
Cathie Littleover,F,3,159837
Esmaria Ambler,F,10,263525
Lynsey Dover,F,7,27988
Hinda Hadleigh,F,5,298986
Reynold Hennington,M,9,237373
Blane Deaconson,M,4,207297
Michell Barbisch,M,9,79124
Demetria Sudron,F,7,193750
Deeann Vater,F,8,184728
Lauretta Oakton,M,6,246174
Pryce De Giorgis,F,5,146649
Claretta Towell,M,5,129517
Joscelin Frith,M,2,298902
Harriet Blaver,F,1,229492
Mela Twigger,F,4,266954
Yancey Silmon,M,6,262157
Alena Garment,F,10,166619
Booth Chiplin,M,7,204155
Jenn Eagar,M,4,186651
Eugenius Mateos,F,7,15397
Shaylah Hallitt,M,4,88214
Brenna Agglio,M,2,243718
Zebedee Erswell,F,3,155648
Coleen Bunker,F,7,185169
Whitby Pringuer,F,6,63257
Sukey Spavon,F,0,40499
Talia Sphinxe,F,10,79673
Dame Sheach,F,1,23905
Pavla Andreacci,F,6,132508
Nananne Blazynski,F,8,28843
Justinian Deave,F,4,171997
Merci Bradly,F,2,53628
Kristyn Emmanueli,M,0,92464
Maude Stephenson,M,6,127949
Di Ponte,M,10,93771
Dionisio Statham,M,5,166270
Alix Crum,M,10,126895
Hillie Barthelemy,F,5,23270
Peyton Hacaud,F,3,60437
Rozamond Stoodley,F,7,155930
Duke Groger,F,8,213812
Joyann Parlor,M,2,224742
Gonzales Currm,F,5,206842
Davide Steggles,F,10,201702
Brenna Pugh,M,7,37863
Daffy Coaster,M,4,57683
Laraine Jude,M,4,97366
Garrett Gabits,F,2,65800
Boris MacGilpatrick,F,4,179434
Eva Berg,F,1,196858
Andre Mallett,F,7,265359
Teddie Ryan,F,6,69600
Kesley Poundsford,M,2,152837
Mari Whetnell,F,5,43165
Farleigh Schlag,M,0,117057
Merle Glossup,F,7,72485
Frederik Simester,M,10,35951
Sibbie Clancy,M,4,63394
Bartholomew Hardwick,M,7,150204
Margalo Curness,F,3,72650
Cindi Turbayne,M,8,96072
Fiorenze Garth,F,8,162979
Milli Kentish,M,0,269696
Glori Matyushenko,F,6,267007
Guinevere Cobbin,M,0,207907
Robbin Houseman,M,6,93308
Reider Imesson,F,2,255002
Abdul Tosspell,F,3,210671
Claudine Di Franceshci,F,6,70808
Bernie Gerram,F,0,55809
Karlens Dodswell,M,6,212377
Melany Darkott,F,0,284912
Chev Fetherstonhaugh,F,7,241992
Kimbell Kingescot,F,3,180932
Obadias Clowsley,F,2,137511
Tiffany Duffyn,M,0,103733
Ansel Bellin,M,5,30464
Man Gyurko,F,8,288308
Foster Shillan,F,5,159195
Lotte Arntzen,M,1,181075
