name,gender,height,experience,salary
Florette Godmer,F,204,2,115291
Elinore Saturley,F,174,7,79699
Malinda Vedekhov,F,,1,285939
Zilvia Bruton,F,198,7,101988
Abbie Fisher,M,173,2,119137
Gifford Butterick,F,199,1,127151
Felipe Du Barry,F,205,2,253602
Munmro Grime,M,170,9,48407
Helen Tomkins,F,190,8,161616
Kristy Seiller,F,188,5,170762
Filip Horsburgh,F,190,3,128204
Rosanne Soames,F,,4,26424
Abra Tallow,F,186,0,175980
Kirstyn Reaman,M,181,2,228490
Alan Degli Abbati,F,203,0,269643
Junia Shorey,M,,3,183809
Cele Pidgeley,M,200,9,261795
Bren Hartropp,M,186,10,119858
Peria Sloan,,196,6,
Sigismondo Russel,F,194,3,229074
Melany Liepmann,M,197,0,160854
Alan Tudbald,M,209,,196318
Christel Humpage,M,,1,203024
Margette Lottrington,F,183,10,57716
Kessiah Grier,F,,10,102262
Scot Longwood,M,198,10,263240
Shaylynn Ellaman,F,201,2,294131
Hamish Arger,F,190,0,145459
Lavinia Ladbrooke,F,209,2,249928
Abigail Golley,M,189,10,22551
Trenton Aiskrigg,M,187,7,233952
Elbert Corbett,M,175,7,296961
Keven Harvison,F,195,2,87516
Mordy Birtley,F,188,1,140262
Gerianne Godlip,F,170,0,191121
Farra Dunley,M,202,0,113690
Marijn Tacey,M,207,3,111741
Gene Khomich,F,189,6,150897
Phillie Cawkill,M,195,10,247576
Grethel Smalls,F,197,6,289250
Tommie Kidstoun,F,207,1,247168
Alberto Chiddy,F,194,7,298462
Whitney Martineau,M,189,5,169606
Demott Hasling,,196,8,
Alie Polkinhorn,M,189,9,39111
Willetta Brigshaw,M,209,10,220611
Farrell Blackston,M,203,9,288387
Beilul Uzielli,,188,1,
Kristal Iddiens,M,186,3,55222
Cinda Summerell,,176,10,
Cobb Thumnel,M,207,1,278372
Cletis Smither,,201,,
Dorice Aubury,F,179,1,268042
Neil Meldon,M,188,2,133720
Karoline Bunyan,M,191,9,150435
Moyra Gulleford,M,207,8,287661
Gery Readwin,M,171,3,283901
Maia Jaggli,F,205,4,204589
Adrianna Di Claudio,,210,7,
Joshia Chaimson,F,201,5,98507
Cornie MacCrachen,M,185,10,24414
Melina Kellaway,M,170,0,137578
Talya June,F,192,0,145241
Lucais Nurdin,F,205,6,297391
Haskell Daldan,M,188,2,52175
Creigh Gumbley,M,188,0,152823
Brandy Graysmark,F,191,4,212041
Leanor Rubury,M,,6,265622
Emelia Fawcitt,,209,6,
Masha Dioniso,F,,3,164278
Garreth Hatcher,M,190,4,273316
Annadiana Drivers,M,179,9,44104
Salomon Willerton,M,196,6,269888
Schuyler Ordish,M,206,4,24635
Hertha Bartholomew,M,200,5,64885
Katusha Cardozo,M,202,3,129832
Emmy Thomazet,F,202,8,272850
Nina Reddecliffe,M,,5,221463
Tannie Sibbering,M,,7,242772
Rafaelia Eusden,M,200,0,72625
Winthrop Berendsen,F,172,0,202302
Lane Luckhurst,F,,,131345
Marielle Deverille,F,197,10,38090
Carmina Haughan,,197,7,
Rona McVey,M,186,2,207116
Netti Whelan,F,180,1,82749
Man Lynd,F,192,10,272925
Dolores Dalzell,F,,6,210579
Zolly Heinert,M,178,0,64736
Robbi Allabush,M,184,1,245183
Bobbe Charsley,M,173,7,74181
Janel Radband,F,182,8,122070
Ariel Gladdifh,M,195,5,283593
Tess Roath,M,190,6,33223
Andre Adney,M,201,8,143524
Cullen Liddel,F,209,10,145972
Bradney Woller,F,177,5,169550
Inez Isacsson,F,199,3,68543
Fiona Bricksey,M,185,5,45168
Gladys Franke,M,170,1,258417
Nial Varndall,F,178,10,80747
Kelcy Causby,,187,7,
Lonny De Vile,M,195,2,61213
Kaitlin MacKeague,,189,7,
Willard Marishenko,M,183,5,35320
Chance Puleston,F,196,0,211662
Cristie Matskiv,F,198,5,76685
Marney Ambrogiotti,F,209,3,218063
Charyl Spieck,M,174,0,220722
Patricio Plaster,M,188,4,295722
Fawn Baylay,F,206,8,92298
Dani Baudacci,M,,3,70783
Wyndham McGarva,M,174,7,89532
Caralie Grigori,M,204,0,123454
Caprice Moraleda,,205,0,
Clemence Moffet,M,,7,210148
Blisse Downie,F,170,4,109333
Dela Hargess,F,171,9,201200
Mildred Schrader,F,190,2,193721
Roxi Andrei,F,210,6,294933
Lulita Blazhevich,,,3,
Tristam Maryska,,202,8,
Kennedy Hansana,F,204,2,105075
Gabi Forrestor,,175,4,
Elfie Floyed,F,209,7,48744
Marty Wadge,,182,7,
Philip Barkworth,M,182,9,193698
Cathie Dungate,,181,9,
Anton Huske,M,170,5,186998
Larina Blondelle,F,210,5,206897
Jennee Luckwell,F,188,5,282031
Dilan Dufaire,M,194,8,217865
Efren Robelow,F,199,4,145097
Clayborne Garfoot,F,193,9,128120
Ileana Dunbleton,M,182,4,171873
Sutherlan Hebborne,M,181,0,165710
Thebault Martel,M,193,0,106572
Carey Jeffryes,M,203,9,71188
Tomlin Labrone,,185,9,
Bard Sergent,F,170,1,149349
Milton Dulwitch,,176,7,
Wolfy Bendare,M,171,9,158024
Misti Hicks,M,177,10,159668
Sianna Wakeley,M,,10,198204
Rosette Debow,F,198,0,168932
Dorisa Bruntje,M,177,2,297940
Sonnie Polet,F,201,3,211900
Claiborne Tremmel,,191,5,
Jase Branson,,188,7,
Darcee Cowan,M,200,3,213863
Rochette Esler,F,185,4,115663
Dorita Jansey,M,180,10,38591
Mayne Heyball,F,199,3,22653
Chickie MacGillavery,F,186,0,90492
Ermengarde Clemenzo,F,187,10,257514
Clevey Sollam,F,186,9,171996
Melosa Addinall,M,205,10,224062
Heidie Parcell,,187,7,
Sutherland Bendix,F,197,10,259219
Ranna Georgescu,M,203,,143276
Kinsley Skippings,F,196,6,202212
Bess Jacmard,,,,
Ellynn Calderhead,M,203,10,46156
Rupert Waiting,F,197,10,254936
Arlan June,F,204,7,244537
Ev Skune,F,183,0,109645
Candide Billows,,179,5,
Nanette Doucette,,170,2,
Nonnah Rooper,F,179,,35377
Olenka Angrove,F,171,9,155084
Faith Curness,,177,3,
Shannen Sawkins,M,200,10,148558
Jesse Cabral,M,183,0,225424
Oneida Pirnie,F,202,,146712
Kimmi Gonthard,F,191,3,217945
Catherine Wilkenson,M,194,7,221358
Isidoro Hakes,F,177,8,268144
Ermin Lynds,M,208,3,224558
Samuel Chittim,M,200,7,192240
Sig Dryden,F,,6,267214
Rafaelia Meeke,M,,6,162529
Ellerey Haggish,F,208,4,64986
Inger Lasslett,F,185,0,246937
Bryana Songer,M,203,10,81216
Eran Dimitriou,M,,6,295573
Barbra Moisey,M,196,4,38758
Cornelle Heaney,M,194,9,96228
Abram Itzakson,F,195,9,194910
Karine Dovidian,M,182,2,275418
Carmela MacDirmid,F,174,10,158539
Luce Ravillas,F,,3,124137
Charmian Beetham,M,172,9,292847
Moise Swann,F,183,10,257196
Iolande Bullion,F,180,10,166976
Kimmi Cripps,,173,9,
Herman Woolaston,,184,1,
Darelle Moryson,F,182,2,138450
Yolande Twigger,M,203,10,212925
Hamel Dwerryhouse,F,,,111212
Erinn Peealess,,196,9,
Ethelda Fowls,M,183,8,140045
Niels Hemmingway,M,188,,28786
Webb Schukraft,M,179,10,183394
Lulita Gerty,F,,4,234460
Shena Fibbens,F,174,6,28158
Modesta Juara,M,207,6,131477
Sylvan Nolli,,201,4,
Lexis Banke,,189,5,
Aprilette Dight,,202,5,
Jehanna Hearon,M,170,10,260246
Catina Prydie,F,188,5,288242
Sorcha China,M,,8,189657
Felix Pullman,F,208,8,206966
Jeremy Trodd,F,198,8,204326
Dulci Laweles,F,183,4,27452
Joyce O'Dea,M,203,3,178787
Erinn O'Neill,F,175,7,102368
Danella Wissbey,M,173,8,247938
Lonee Apple,F,173,6,135833
Eugine Andreas,,180,7,
Barb Bambridge,F,197,,160947
Kristien Dowderswell,M,192,9,93335
Saxe Gadsden,M,,7,28348
Erminie Towle,M,186,9,221738
Elberta Willan,M,175,9,186583
Dallis Old,M,177,2,87391
Thurston Wagenen,M,210,8,117926
Hollyanne Rilston,F,172,5,216323
Davon Linstead,F,193,1,143546
Colleen Clyburn,F,194,3,254937
Douglas Demkowicz,M,182,1,232288
Anneliese Scoullar,M,179,0,224916
Meggie Henrych,F,189,6,177958
Anatol Beekmann,,181,2,
Malina Burgett,M,203,0,48308
Eloisa Boggas,M,186,6,99185
Sheffie DeSousa,,174,0,
Gilemette Lyddy,,191,5,
Vanda McClounan,F,198,10,142960
Fremont Bleier,F,183,10,277757
Peggy Ledingham,F,192,0,214038
Waldo Clampin,F,209,8,205937
Letizia Keele,F,190,3,247748
Stormi Greally,M,208,2,197068
Miguela Ternott,M,186,1,189121
Quint Lebreton,M,208,3,125177
Monica Fransoni,,203,8,
Nanice Donoher,M,185,8,28041
Guillema Sutworth,F,,9,293876
Hollie Layzell,,193,10,
Clayson Tchaikovsky,,,9,
Corabelle Veschi,F,182,4,158514
Jakob Saich,M,173,2,197809
Ashla Yurivtsev,M,179,5,70016
Edee Legion,F,190,3,232148
Lenard Izakovitz,F,202,1,163308
Kendal Jedraszek,M,198,6,78372
Phillip Ive,F,187,1,61216
Blair Wasbey,F,186,1,201865
Theobald Essberger,M,179,5,299211
Eugen Whiteford,,205,9,
Arnold McLurg,F,197,8,262960
Cosmo Jaram,F,208,2,175673
Fionna Hamly,M,191,1,27107
Marguerite Murtimer,F,173,3,78018
Feliza Renhard,M,200,3,177620
Henderson Haccleton,F,179,4,200193
Fred Clover,M,198,1,298039
Letty Longland,M,,5,200809
Arlee Cullen,,210,0,
Kimball Goreisr,M,199,3,209626
Lurette Playle,M,171,2,66959
Eadith Binning,F,,8,208101
Lyssa Doghartie,F,209,7,175934
Jemimah Dunsmore,M,172,0,21191
Eddy Blanchard,M,198,5,122762
Corbin Godfroy,F,197,4,260478
Nikolai Laity,M,174,8,62213
Thoma Oxtoby,F,174,7,64245
Dionis Pougher,M,,1,203022
Mellisa Blucher,M,183,1,32010
Emilee Claypoole,M,182,8,173406
Vasili Burker,F,,10,287974
Ulrika Philott,M,191,1,288206
Alexandro Laugier,M,204,10,265145
Giorgio Appleford,M,203,1,147093
Elia Bischof,F,196,,155278
Antonia Leythley,F,208,8,23885
Leland Adelberg,M,,3,218549
Tuckie Lainton,F,197,5,133065
Georgie Bailles,M,188,2,246615
Sylas Blindmann,F,208,6,185820
Theodor McVitie,F,173,2,26903
Glynda Embleton,,173,,
Garrard Nesey,F,178,,223010
Helge Adamski,M,205,7,72353
Gerry Ebbett,M,194,5,94782
Dinnie Carberry,M,199,,168237
Sibylle Jochen,M,175,2,198327
Cherri Braizier,F,194,0,72461
Meredeth Ducarel,F,181,,238011
Janaya Paulusch,,175,4,
Maje Tallent,F,209,1,270074
Elyn Raunds,F,191,6,147978
Dukie Bog,F,197,9,159416
Carissa Izod,M,178,0,127003
Goldina Hanham,M,179,6,113831
Joscelin Lowless,F,196,3,160047
Dniren Downage,F,207,9,87827
Hebert Burchfield,F,,4,51184
Heinrik Jarmain,F,174,2,104659
Anastasia Lawman,F,199,7,85138
Pate Edgeler,M,200,2,204906
Caterina Fyldes,F,194,2,173100
Marinna Eckley,F,,4,61380
Desiree Augie,M,,6,30197
Romeo Hancox,M,203,5,252808
Margo Cowdrey,M,202,,249355
Mag Jovis,,173,9,
Elva McElhinney,F,184,3,139675
Brandais Warland,F,201,,277451
Ofilia Helling,F,191,,294969
Garold Conichie,M,179,2,26192
Loella Hendin,M,193,6,52000
Horst Yaldren,M,170,1,119696
Tabina Saull,F,173,9,222149
Colette Phettiplace,F,,,213364
Aurel Carmen,F,,3,276276
Darrick Kingdon,M,208,,125620
Jaquelyn Dey,,202,1,
Esme Athow,M,,,189839
Paulie De Lascy,F,204,5,82937
Rand Larvent,F,197,,35252
Merrill Marcam,,204,0,
Paco Oller,F,206,7,110083
Stella Giacopini,,198,6,
Jasmina Klemenz,F,173,1,198173
Kassie McGeady,F,181,5,105787
Cristen Hutsby,F,197,4,50160
Editha Devita,M,188,4,251827
Britt Westrope,M,197,2,260526
Ulla Thewles,M,181,6,107633
Nathanil Reven,M,172,4,190132
De witt Epdell,M,176,8,225720
Gib O'Hallihane,M,195,,42025
Maurits Gamil,M,182,5,149474
Eloisa Maystone,,193,8,
Johnette Challiner,M,207,0,141108
Bordie Crossland,M,182,5,88624
Gunner Van Dalen,M,177,6,214890
Kimberlyn Cleminshaw,,202,6,
Stanford Simmans,M,210,2,79845
Stormy Sauven,F,194,2,213294
Camilla Riccardi,M,208,2,106811
Gusta Hucknall,F,195,5,244187
Cordell Nowill,F,207,7,220974
Mendy Kelberman,M,192,6,293170
Christoffer Marre,F,200,10,64646
Way Ellery,F,181,10,169768
Farly Lidyard,F,201,,38269
Phedra Slessor,M,183,10,243013
Killie Saiz,F,194,1,194707
Homer Wooffinden,M,203,8,59420
Elmore Rubinfeld,,195,3,
Blythe Barritt,M,191,8,147329
Erin Bosma,F,173,10,273949
Keeley Seed,,191,9,
Creight Cornford,M,,3,29715
Gavan Ramsey,M,206,2,238513
Linn Trebbett,F,189,4,261408
Kenna Scallon,F,199,10,266741
Gena Bennike,M,188,2,193575
Roddie Pratt,F,198,5,72652
Patrick Sommerscales,,195,7,
Grissel Pedrielli,F,202,9,129021
Donaugh Loddon,F,205,9,248663
Lorrin Mayall,,181,3,
Bren Gorriessen,F,199,,49830
Rolf Diter,F,173,,88186
Crista Wagstaffe,M,209,7,109047
Roxy Hame,M,188,2,171658
Henderson Kopfen,M,197,6,278129
Yorker Mangeon,M,198,6,61687
Cristi Gaunson,,173,7,
Alanson Gerold,F,189,0,123948
Torry Erb,F,184,4,124548
Mellie Georghiou,M,207,0,185941
Hersch Orniz,M,170,7,159091
Kimbell Evemy,M,209,5,57223
Eleanora Kuschel,M,183,9,211499
Ezekiel Cullinan,M,174,2,250301
Powell Streeton,F,170,4,78232
Ramonda Rowen,F,197,10,117180
Cindie Sammut,F,200,9,278818
Gael Sydes,M,184,0,286952
Dallas Squier,F,188,9,48306
Patrice Perulli,F,202,10,186029
Carline Keesman,F,191,3,211411
Haily Acomb,,179,2,
Haily Woodland,M,191,5,213830
Garner O'Keeffe,F,173,,105179
Valene Flannigan,M,192,5,94688
Teressa Potebury,,,2,
Northrop Gowling,F,178,3,204044
Celisse Hoofe,M,178,4,199148
Nicholle Penketh,F,210,,102696
Conni Dillicate,F,195,0,252962
Kessiah Moses,,192,0,
Arlie Mossop,,187,,
Claretta Belone,M,,1,247663
Efrem Klageman,F,184,4,236534
Randal McGonnell,M,205,6,161341
Stevena Wratten,,175,1,
Tedda Pauling,,203,8,
Horatio Cancelier,F,208,4,86210
Early Itzkovwich,F,175,8,118185
Whitaker Tidridge,,184,1,
Christoforo Lamport,M,192,1,65017
Breanne Rotter,M,172,9,69837
Alfie Bollon,F,198,10,97003
Issiah Purkis,M,,8,109043
Barnard Girodier,M,187,10,54111
Edlin Noddles,M,200,10,166925
Towney Davio,,178,7,
Bride Ellens,F,209,9,67449
Chrystel Keasy,F,181,2,126723
Shannon MacInnes,M,193,0,162851
Yorker Rustidge,,174,,
Luigi Littledike,F,183,4,69949
Stefan Noble,F,,8,148137
Niko Burgin,F,187,,173743
Paula McIndoe,M,198,9,188214
Octavius Normanvell,M,185,0,96881
Vaughn Currie,M,173,9,181191
Kali O'Lenane,F,170,5,279055
Cherianne Dunderdale,M,206,,85574
Kristina Milborn,M,,0,195618
Calhoun Matevushev,F,182,8,253120
Titos Echallier,M,184,9,171156
Evin Nurcombe,F,192,4,217257
Darb Dennington,M,187,9,133077
Kele Scoon,M,205,0,43116
Gill Andryushchenko,M,200,3,28425
Pacorro Trebbett,M,206,,112426
Giana Paradin,M,188,5,275600
Zabrina Deavin,F,181,4,274951
Dehlia MacIllrick,F,208,0,58548
Aidan Easbie,F,178,2,237387
Filberte Passler,F,179,8,89020
Emlynne McKendo,F,174,3,283145
Melvyn Jorry,F,199,5,151883
Bartholomew Chagg,M,201,7,228385
Michele Breslin,M,172,,158421
Tamarah Lamb-shine,,185,9,
Aveline Redsull,M,184,7,97375
Case Bergin,F,210,1,67539
Rubi Faich,M,180,0,107203
Sherlocke Najara,M,174,1,91109
Melany Flory,M,182,4,69559
Darnell West,F,193,9,205178
Fairlie Busby,,207,5,
Vinny Hawkeridge,M,189,6,208346
Auguste Inch,F,170,6,144259
Zach Harrell,,192,8,
Billy Pyner,F,180,6,262683
Anna Harvison,M,,7,290752
Brittni Combe,,206,10,
Helyn Pickston,F,174,,30933
Forester Sewill,,195,4,
Harrison Haggath,F,200,7,183572
Skippie Pardi,F,210,1,184322
Edgardo Fenelon,F,178,3,25775
Marylee Gaucher,F,210,,40048
Cordie Eilles,M,189,8,240299
Richie Adney,M,199,9,109611
Pippa Shemelt,M,200,0,243406
Regine Springle,M,207,2,227548
Sonnnie Zarfati,,,0,
Bar Simoes,F,181,,80647
Bonnee Trowl,F,178,8,168065
Jorgan Linstead,M,,7,224730
Mallorie Petrelli,,207,2,
Salome Fellgate,M,182,8,249181
Udale Yann,M,195,5,179851
Maxwell Artus,F,188,1,86614
Chrissie Noe,,186,0,
Weider Wilder,,183,,
Delila Beneix,,199,9,
Anitra Liff,M,173,6,75964
Sonja Phette,F,196,4,143530
Val Wollaston,M,187,10,274279
Marve Chasteney,F,204,1,183402
Grenville McVee,M,198,2,86084
Phillie McParland,M,189,9,87080
Flemming Sotheby,F,206,10,92983
Aili Danzey,F,,5,228618
Noe Bills,M,177,3,259475
Barnie Burgis,M,207,1,65938
Cherice Coulthurst,F,192,7,208086
Andrea Venmore,F,,0,222322
Eda Maddick,M,199,,151674
Stern Harbertson,F,184,6,144250
Cairistiona Tink,F,177,3,133139
Sascha Ghilardi,,175,10,
Elnore Paolino,F,194,1,139906
Clair Simenot,F,179,,173322
Lila Bowkley,M,184,0,73545
Agosto Gaytor,M,184,4,91104
Terrie Bampford,M,184,0,159286
Gene McKue,F,197,3,117550
Clarette Nears,M,173,6,115682
Darby Pattemore,F,,8,34505
Paulie Tyndall,,203,7,
Nessie Lumb,M,173,7,40271
Keane Quant,F,189,1,232897
Marten Lumsdale,F,195,6,36748
Chere Coxwell,M,192,2,247580
Phineas Cassely,M,185,,149684
Jaymie Mellsop,M,,0,99490
Brandais Tuma,,189,8,
Cord Biaggioli,M,183,10,187602
Dewie Wanek,F,197,3,120554
Conway Froome,,170,4,
Rhoda Mara,F,183,8,255496
Benita Avory,,210,7,
Gabbie Gregs,F,191,4,21033
Cassie Szwandt,F,174,8,225725
Sigismond Wehden,M,201,5,279852
Augustin Paulsson,M,178,1,98173
Sandy Tour,M,171,10,88861
Sabrina Richardsson,,,6,
Sharia McKinney,F,206,6,180783
Nickola O'Fearguise,M,186,10,99293
Worthington Lassell,M,174,10,106625
Dulcinea Banville,M,179,9,114476
Lorne Swancock,M,209,7,257694
Briano Flannery,F,184,6,294436
Annis Stubbe,M,198,3,123862
Bennie Picott,F,176,2,119153
Chauncey Rawlcliffe,M,209,4,178458
Dareen Ramsdell,F,182,5,291122
Tod Proby,F,197,3,220897
Clyve Croyser,F,175,,99506
Edithe Tocknell,M,202,9,246798
Rachele McWhan,,183,6,
Mitchell Warrell,F,171,8,31394
Ree Fleming,M,193,7,40911
Konstantin Tomczykowski,F,207,0,246487
Joletta Tettersell,F,191,10,247957
Alina Pittendreigh,F,201,8,139326
Herschel Briztman,M,197,4,135878
Marlene Tilio,M,188,1,240304
Pearl Knowling,M,,10,37291
Pennie Raun,F,172,1,140120
Anselm Titmus,F,,4,44298
Ilise Ivakhno,F,206,8,105538
Sancho Boyne,M,,2,273673
Cthrine Jocic,M,175,10,115213
Angeline Stribbling,F,180,9,47995
Sylvia Lamminam,F,181,8,249525
Kerry Bispham,,188,6,
Gauthier Dudlestone,M,188,4,228670
Ring Gronous,M,190,6,188160
Joseph Spain,,208,10,
Anne-corinne Allnutt,F,185,2,232366
Averil Aggio,F,204,8,294629
Gweneth Altofts,M,179,2,164152
Ciel Cornels,F,190,10,52258
Selig Mundford,F,185,8,105714
Sheeree Bartoszewicz,M,207,4,116194
Staford Pavlishchev,M,188,3,256495
Willis Magor,,180,,
Borden Coale,,207,9,
Taylor Couttes,F,179,1,129676
Orton Juett,M,184,5,264881
Abbie Boyland,M,205,3,261498
Clarey Brooking,M,175,3,152147
Wheeler Summerscales,M,,9,294316
Toni Reddick,M,195,,292204
Gayla Wallen,M,194,4,242161
Livia Kershaw,F,176,5,61436
Zaccaria Le Grice,M,176,9,79862
Cull Ridett,M,209,8,262170
Ronald Tinwell,,199,3,
Sari Matyas,M,179,9,61075
Wallis Bikker,F,184,3,106646
Conway Brandacci,,204,10,
Massimo Attle,M,180,7,129374
Allis Dudny,M,196,1,273078
Clem Balls,M,181,2,128552
Kinny Del Checolo,F,194,3,125883
Caterina Oswick,F,206,4,237586
Pollyanna Bickers,M,181,4,106468
Jacquetta Heisham,M,,9,236957
Joice Rolfe,M,210,4,268078
Rona Morrallee,M,,2,224682
Ekaterina Harbison,M,201,3,212304
Huberto Labrow,,178,9,
Jerrie Paulat,F,180,6,115549
Mallissa Ratley,M,177,10,238497
Gabi Scarsbrooke,M,181,4,142062
Ashli Lafontaine,F,207,8,24588
Edwina Chaikovski,F,188,0,189668
Tobie Ipgrave,M,,7,128808
Nichole Richarson,,,6,
Allsun Badini,,172,7,
Garrick Lorenzetto,F,203,5,159206
Cory Filipov,F,192,2,41852
Nerita Goublier,M,174,10,82322
Michele Desmond,F,201,1,253579
Shalna Eggleton,M,173,5,195808
Dorita Acock,M,179,4,226123
Wyndham Seward,F,183,0,170646
Zackariah Cossar,M,209,8,289736
Clara Crannage,F,,4,263961
Elvera Tonks,M,201,0,200760
Emory Wooles,,190,2,
Lorianne Frusher,F,209,4,260424
Hillary Tibalt,F,181,6,181136
Ludovico Ech,F,194,8,120324
Ansel Jantzen,F,,8,262329
Jorry Quant,F,181,2,229778
Jeanelle Pietron,M,201,0,201230
Margie Duberry,M,171,7,23600
Claudia Presnell,F,192,9,82161
Mikaela Sparrowhawk,F,208,2,40997
Burty Birchill,M,183,6,39187
Phip Crampton,M,196,0,157535
Sandy Marciek,F,,7,175319
Natty Glowinski,,175,2,
Rasla Clapshaw,F,189,7,181228
Briana Planke,,179,1,
Estell Andres,F,173,0,182850
Doreen Randles,,,2,
Augusto Boddice,M,197,9,189845
Diarmid Hubatsch,M,182,,118288
Darrell Goschalk,M,173,0,237091
Becki Redbourn,M,176,4,93774
Gannon Clother,F,181,4,141895
Bernita Jermy,,178,9,
June Humbey,F,176,10,232353
Mendy Pischof,M,193,9,86537
Albert Bahia,M,181,1,263961
Derrek Prantl,M,181,4,156696
Alleyn Ferrario,M,181,6,167974
Rosabella Sheerin,F,172,5,25208
Ly Spurdens,F,,5,142999
Loni Gors,M,192,9,146900
Laird Ayling,M,190,7,66640
Elsie Pibworth,,171,3,
Desiri Paterson,M,176,3,148688
Dolf Blackader,F,204,6,37745
Rahal Eblein,F,182,4,188791
Teddy Scorer,M,204,0,171319
Bonni Bande,M,181,3,107134
Dannie Gummary,M,206,8,35052
Sayer Catterell,F,208,10,215128
Chilton Hynard,F,186,6,298822
Gustav Collacombe,M,204,5,131181
Zelma Lapre,M,191,3,111830
Zelda McArd,M,209,8,37702
Myrvyn Kearey,,192,3,
Ogden LLelweln,M,176,7,117679
Janifer Gylle,F,186,1,119925
Bondie Sawney,F,191,2,77833
Perri Stubbings,M,192,5,71770
Gretta Searchwell,F,206,9,186605
Myriam Officer,,204,3,
Cesar Laird,M,195,,268964
Kali Gascar,M,206,10,230823
Huntington Metrick,F,203,7,192019
Erie Menichelli,M,183,2,26565
Randolph Skeleton,F,203,5,47956
Matty Sanson,,205,3,
Filberto Kewley,F,185,4,74484
Curtice Santry,,195,6,
Mathew Semerad,M,201,3,298447
Bing Eburne,M,190,1,170134
Marguerite Harborow,M,,1,149003
Shena Augustin,F,185,7,102007
Koo Faich,M,208,,43293
Bird De Dantesie,M,207,9,235992
Anthia Lindroos,F,205,7,179304
Sollie Woodcraft,M,,9,114808
Don O'Doran,F,183,10,53357
Roxane Dener,M,171,8,63644
Giovanna Shearman,F,207,0,230605
Karrah Fidian,F,208,7,179591
Chris Napoli,M,180,4,227608
Faustina Markey,M,200,8,275780
Lucille Glasebrook,F,206,4,186223
Wes Salmond,M,193,5,205662
Allan Phaup,F,174,6,43289
Conny Moody,F,195,3,283520
Agretha Braga,M,174,,120175
Virgilio Aubury,M,,8,292042
Sibella Butchart,M,208,10,40450
Alfie Elliston,F,175,6,149975
Margo Sandom,F,172,8,46918
De Seiffert,F,172,,93214
Laurence de Keep,M,197,3,248929
Eden Filipchikov,,173,9,
Hillary Headington,F,203,,51624
Beck Kirckman,F,205,5,168110
Lorry Cornier,M,205,4,250374
Guntar Fenlon,M,188,8,128389
Helenelizabeth Bastick,M,183,4,48904
Rora Falshaw,F,210,10,282718
Demetrius Ridgley,M,,7,92147
Hedvige Topp,F,201,2,51247
Cam Gage,M,201,2,44077
Hollis Dykes,M,180,8,108381
Kettie Warratt,F,189,10,98818
Gabie Adenet,F,184,6,295695
Garwood Barhims,,,3,
Alwyn Poplee,M,199,10,23753
Charmine Niesel,M,207,6,282748
Lauralee Frew,F,210,1,110584
Jeanette Ruilton,F,173,1,172151
Jaine Stratford,,191,7,
Ann-marie Annatt,M,210,4,251732
Washington Llewelly,F,180,9,299903
Zechariah Wonfor,F,202,4,175162
Myrilla Orsman,F,193,4,110698
Myrtle Sealand,,187,7,
Eduard Lomansey,M,170,6,227189
Shaughn Mimmack,M,173,,32545
Rosene Chominski,M,193,10,106572
Andrei Grosvenor,,206,7,
Mignonne Emlen,M,,0,165893
Donnell Cristofalo,M,202,7,257533
Bern Allett,,189,1,
Sansone Edgeler,M,210,5,192474
Jammal Brailsford,M,190,,289180
Maxine Blockley,F,186,8,255192
Shanie Twallin,M,170,7,165446
Chiquia O' Brian,,203,8,
Napoleon Garritley,M,175,9,137875
Roger Winsborrow,M,186,5,73824
Skipton Coupland,M,194,6,55088
Burty Liddle,F,,8,157294
Winfred Leaves,,199,5,
Northrup Lowerson,M,191,9,228241
Alisun Rickert,M,181,2,250277
Ingram Limon,M,187,9,53230
Rani Grenshiels,,,1,
Ira Methringham,M,187,10,259596
Letty Finey,M,208,7,90621
Reiko Tremoille,F,207,3,34670
Katrinka Prisley,M,204,7,51329
Moshe Dunckley,M,187,5,28356
Goober Verbrugge,F,178,,107482
Malchy Mattaus,M,178,9,52569
Karlyn Ostler,,177,7,
Barry Yetton,,194,1,
Alfie Greguol,F,,5,289169
Rivi Van T'Hoog,F,187,7,116911
Lazarus Chapelhow,F,178,3,206873
Karisa Cadwaladr,M,179,9,296261
Fergus McRamsey,,179,5,
Ibrahim Grane,F,,3,168076
Stillmann Petroulis,M,188,9,280652
Izak Argrave,,192,8,
Micky Schruyers,M,,5,71656
Brew Clunan,M,208,9,23119
Keslie Eliesco,M,193,0,143957
Susanne Burchall,F,170,3,122453
Mikel Chell,F,202,0,65283
Car Sterre,F,173,3,28029
Eveleen Bendell,M,178,7,54014
Stanislas Peat,F,195,0,245195
Miquela Keningham,M,203,9,283739
Ofella Drakard,F,209,,49303
Ray MacRitchie,F,197,,67344
Leo Soltan,F,178,1,220046
Franzen Martell,M,173,9,62477
Raphael Kopec,M,202,,181137
Cristi Doggerell,F,198,4,99432
Vyky Hawkswood,,,7,
Otha Kinson,F,178,9,263733
Deborah Graham,F,171,3,52326
Malva Dale,F,,9,292766
Ambros Hartness,M,172,3,200323
Shandy Arrighi,F,207,10,36069
Boyce Wardrope,,170,2,
Merv Clash,F,189,8,290704
Jaimie Sprackling,F,182,10,53652
Fina Soggee,M,197,8,119602
Tadio Whordley,F,183,,214102
Susette Aves,F,197,,87563
Randolph Raiker,M,173,0,169944
Harmon Stallibrass,F,182,4,97671
Zebadiah Bunt,M,191,6,126809
Anni Chamney,F,194,2,225286
Kerri Swate,F,178,2,253052
Shawnee Chatel,M,170,2,110142
Eb Abley,F,203,8,65266
Madeleine Frill,F,170,7,92723
Clea Loseke,M,174,8,156280
Katerine Draper,M,180,9,109887
Marin Jordeson,,194,6,
Kirk Daynter,F,198,,188030
Mariana Valek,M,199,7,269917
Shep Willerson,M,197,,134423
Alidia Ganny,F,192,9,193713
Ian Voyce,M,180,10,212980
Conny Devall,F,179,1,122564
Rodina Durkin,M,198,,41851
Pearce Wingfield,M,186,5,125041
Bee McNalley,M,187,10,79907
Gherardo Sergant,F,171,3,37454
Alf Linck,,171,3,
Bronny Crosetti,F,181,6,127962
Marillin Upfold,M,203,5,286188
Jeddy Glawsop,M,171,,280562
Merwyn Blunt,M,170,6,82022
Normie Dineen,M,177,,171170
Harri Bewfield,F,179,9,229468
Dorie Glader,F,173,3,237258
Aleece Carabine,F,187,0,39561
Barthel Yeaman,M,172,5,220181
Carmen Macias,F,193,9,239696
Cathrine Chatainier,M,176,8,180000
Thacher Avramov,M,182,2,197712
Prudence Adamczyk,M,187,9,155755
Erny Trainer,M,179,2,154361
Maureen Jakolevitch,F,201,2,230479
Gayle Van Der Walt,F,183,7,278565
Luigi Sarfas,M,174,6,24910
Sanson Teesdale,,,3,
Easter Leffek,F,203,7,195097
Corrie Rangall,F,173,1,257854
Ingaberg Andriveaux,F,202,3,130000
Shirl Pelham,F,171,8,125298
Florencia Lavarack,M,203,9,161273
Damien Friel,F,202,,48586
Randene Picardo,M,200,1,182473
Bowie Gullane,M,,1,90158
Angeline MacAnulty,F,180,10,38296
Amil Gladtbach,F,208,4,247559
Catherina Tolman,F,177,7,129103
Lorianne Cubin,,174,7,
Shaw Burgoin,F,178,0,129714
Corbet Sleath,F,198,2,256836
Bryn Boundley,M,193,3,295606
Archambault Brunesco,F,196,2,73355
Gregoor Churchman,M,197,6,160639
Toddie Dorrell,M,209,6,156226
Tatiana Blaiklock,M,,7,249324
Raychel Gartan,F,179,4,30550
Skipp Cleere,M,210,8,97854
Arnie MacCall,F,183,0,132430
Shir Shakelade,F,181,5,276149
Christophorus McCuaig,F,,0,243105
Moise Howley,M,180,9,189210
Carolina Bartelot,M,184,5,267411
Valma Enriquez,M,176,4,107501
Marcelia Necolds,F,185,6,278672
Kelly Whiles,M,204,1,142793
Herold Leele,F,193,8,230825
Josee Bootland,M,202,3,91018
Amory Agostini,F,182,5,82493
Frankie Hocking,M,182,,38303
Rubia Bilton,M,205,,74160
Ashlen Chasen,F,203,3,28552
Marcelia Budget,M,208,10,212520
Kane Stokoe,M,204,8,291861
Darby Apps,M,202,10,209093
Arnoldo Phettis,M,,2,273373
Felicio Bilt,F,172,0,135156
Mil Heam,M,174,9,270645
Rodolph Hawkeswood,F,174,10,126335
Gabbie Meagh,,198,2,
Alexi Struys,M,206,10,140116
Katalin Nel,M,191,7,40190
Othella Danielot,F,193,9,130424
Clem Davidson,M,207,8,113861
Rhianon Dyzart,M,191,9,40967
Sheppard Kruger,M,199,3,134551
Vinita Clipsham,F,204,0,49599
Percy Kleanthous,M,,3,178305
Sherm Roskrug,F,,,245795
Lorenzo Horsburgh,F,191,1,68138
Kristos Guinnane,F,190,,47456
Filmore Bugge,F,185,3,242228
Annabell Colclough,M,207,4,117084
Daria Burgane,M,183,5,174924
Danette Walbrun,M,209,5,53007
Joceline Fishly,F,,8,158444
Base Lipscombe,F,196,7,107689
Neddy Cristou,,204,2,
Giavani Quimby,M,178,6,22927
Amitie Dandy,M,194,4,99839
Nate Sainer,M,,4,107626
Kellen Ottery,M,193,4,199637
Harlan Skentelbury,M,195,0,247993
Conway Brickham,M,204,10,137933
Philippe Shillinglaw,M,190,7,39616
Katusha Rubie,F,204,1,242522
Tedi Lodder,F,189,10,149277
Iris Casella,F,191,8,271554
Heall Fazzioli,M,186,0,45024
Rici Arrington,F,177,,250601
Jolie Schutt,M,203,8,72304
Jorey Lukacs,F,198,9,268523
Marc Letcher,F,200,1,123225
Colby Ghidini,F,206,0,175013
Goldy Habbershon,F,206,5,110573
Walker Moorhead,M,199,6,184946
Georgette Breach,F,196,,157305
Gates Brickham,F,177,5,261842
Atlanta McTrustey,,188,5,
Angel Uden,,,9,
Edmon Kollatsch,M,178,2,174199
Yoko Espadate,M,177,2,65294
Cyrillus Picard,F,202,10,81226
Bruis Startin,F,206,0,30119
Jonell Gofforth,M,175,1,211644
Juline Witham,F,191,,289751
Amalle Terrelly,,189,1,
Berk Meineck,F,,1,270022
Teodorico Jansa,M,,3,262791
Tiebold Pepis,F,192,3,211980
Aland Callaby,F,201,8,177072
Giuseppe Peedell,F,,5,246863
Elyse Andrea,F,209,1,248044
Alys Parysowna,M,176,8,278078
Stanfield Anten,F,172,2,82333
Joni Caustick,M,190,1,209232
Alyce Twopenny,M,184,1,255405
Nollie Dionsetto,M,184,10,186444
Meredeth Cavnor,M,175,2,275183
Edsel Fuxman,,196,9,
Bette Chamberlin,F,,3,236110
Denyse Bruford,F,171,9,164581
Ingelbert Legh,M,200,2,154489
Augie Doldon,M,191,1,273329
Brody Cockle,,,8,
Patrice Mewes,M,171,,139482
Uri Haythornthwaite,F,186,,283883
Wilow Sysland,M,199,9,48042
Kincaid Morritt,F,,3,160129
Nada Smallshaw,M,201,9,159619
Shayla Frenzel;,M,193,,98648
Freddy Chaikovski,F,198,10,106140
Perry Dumsday,M,206,6,233245
Joana Caulton,F,178,3,193101
Adriena Bails,,193,,
Eartha Iamittii,F,210,3,43198
Udall Scryne,F,,3,236349
Emalee Kliche,F,198,4,228842
Sinclair Mees,F,203,,82615
Gale Saldler,M,179,5,127966
Jobey Mepsted,F,187,9,50864
Ciel Brockett,M,177,8,256622
Vassily Delooze,M,210,0,73729
Paulie Bowshire,M,,0,135813
Kellina Alyoshin,M,,9,197966
Burty Jorden,F,,5,49853
Livia Krugmann,,210,6,
Sukey Hayfield,M,194,6,184424
Benetta Paunton,F,,10,92680
Ebba Rawet,M,196,0,181607
Mickey Brabban,M,179,1,287633
Francine Clynman,F,202,10,292906
Waneta Woodhead,F,,5,42342
Kaila Lloyds,F,205,4,50876
Sosanna Donegan,F,179,2,103452
Jervis Breslane,F,172,5,161434
Freemon Shakshaft,M,170,6,157581
Alard Stivers,F,183,0,195554
Muhammad Veal,M,193,7,67518
Otes Dewan,M,210,6,34405
Kelsy Bathoe,F,178,9,101198
Bunny Swanson,F,190,,89568
Minetta Stroban,F,204,6,195775
Jens Alenikov,M,171,9,152903
Shanna Mc-Kerley,M,186,0,164397
Jessamine Gye,F,178,2,81742
Bobbi Aveling,M,196,7,282005
Brien Hurll,,193,0,
Benita McIlroy,M,,8,208635
Toinette Rymmer,M,201,0,231765
Darlleen Hubber,M,198,5,194173
Merry Lerven,M,193,5,23138
Shell Talkington,F,199,9,43680
Teri Rickaby,,177,8,
Terrance Scheu,F,188,0,180225
Billi Sturt,M,,0,63173
Ekaterina Duckfield,F,183,8,40971
Had Geistbeck,F,206,9,181809
Nikolaos Blazejewski,F,202,,119578
Burk Huck,M,203,,49570
Brianne Busain,M,,6,79998
Karlotta Carradice,F,173,6,25127
Bogart Trimming,M,,0,33169
Carmina Le Friec,M,195,8,106326
Abigael Durban,M,186,4,197418
Lorena Macellar,F,194,4,276679
Vanni Wilderspoon,,202,,
